Producto,Número de Votos,Porcentaje de Preferencia
Pozol,121,0.154930
Coca-Cola,146,0.186940
Tascalate,115,0.147247
Agua de chía,150,0.192061
Agua de horchata,124,0.158771
Agua de jamaica,125,0.160051
Quesadilla,141,0.180538
Gordita,116,0.148528
Taco,146,0.186940
Empanada,136,0.174136
Tamal,113,0.144686
Tostada,129,0.165173
Turrón,140,0.179257
Nuegado,127,0.162612
Turulete,123,0.157490
Cocada,139,0.177977
Plátano Asado,123,0.157490
Bunuelo,129,0.165173
